{
    "name": "root",
    "metadata": {
        "timer_format_version": "0.1.0",
        "start_time_seconds": "1679367244",
        "python_version": "3.8.10 (tags/v3.8.10:3d8993a, May  3 2021, 11:48:03) [MSC v.1928 64 bit (AMD64)]",
        "command_line_arguments": "C:\\Users\\sooph\\AppData\\Local\\Programs\\Python\\Python38\\Scripts\\mlagents-learn config/agent_config.yaml --run-id=test11",
        "mlagents_version": "0.28.0",
        "mlagents_envs_version": "0.28.0",
        "communication_protocol_version": "1.5.0",
        "pytorch_version": "1.7.1+cu110",
        "numpy_version": "1.18.5",
        "end_time_seconds": "1679367329"
    },
    "total": 85.0444585,
    "count": 1,
    "self": 10.015112299999998,
    "children": {
        "run_training.setup": {
            "total": 0.14323580000000002,
            "count": 1,
            "self": 0.14323580000000002
        },
        "TrainerController.start_learning": {
            "total": 74.8861104,
            "count": 1,
            "self": 0.05658910000009598,
            "children": {
                "TrainerController._reset_env": {
                    "total": 19.3081606,
                    "count": 1,
                    "self": 19.3081606
                },
                "TrainerController.advance": {
                    "total": 55.03349249999991,
                    "count": 1917,
                    "self": 0.057255899999944404,
                    "children": {
                        "env_step": {
                            "total": 54.19690549999984,
                            "count": 1917,
                            "self": 46.56860009999979,
                            "children": {
                                "SubprocessEnvManager._take_step": {
                                    "total": 7.59448890000013,
                                    "count": 1918,
                                    "self": 0.1841042000001032,
                                    "children": {
                                        "TorchPolicy.evaluate": {
                                            "total": 7.4103847000000265,
                                            "count": 1918,
                                            "self": 0.9771864999999167,
                                            "children": {
                                                "TorchPolicy.sample_actions": {
                                                    "total": 6.43319820000011,
                                                    "count": 1918,
                                                    "self": 6.43319820000011
                                                }
                                            }
                                        }
                                    }
                                },
                                "workers": {
                                    "total": 0.0338164999999222,
                                    "count": 1916,
                                    "self": 0.0,
                                    "children": {
                                        "worker_root": {
                                            "total": 31.9755412999998,
                                            "count": 1916,
                                            "is_parallel": true,
                                            "self": 16.0819547999998,
                                            "children": {
                                                "steps_from_proto": {
                                                    "total": 0.0014964000000023958,
                                                    "count": 2,
                                                    "is_parallel": true,
                                                    "self": 0.000597300000006129,
                                                    "children": {
                                                        "_process_rank_one_or_two_observation": {
                                                            "total": 0.0008990999999962668,
                                                            "count": 8,
                                                            "is_parallel": true,
                                                            "self": 0.0008990999999962668
                                                        }
                                                    }
                                                },
                                                "UnityEnvironment.step": {
                                                    "total": 15.892090099999997,
                                                    "count": 1916,
                                                    "is_parallel": true,
                                                    "self": 0.3675363000001255,
                                                    "children": {
                                                        "UnityEnvironment._generate_step_input": {
                                                            "total": 0.29252099999993675,
                                                            "count": 1916,
                                                            "is_parallel": true,
                                                            "self": 0.29252099999993675
                                                        },
                                                        "communicator.exchange": {
                                                            "total": 13.739246199999876,
                                                            "count": 1916,
                                                            "is_parallel": true,
                                                            "self": 13.739246199999876
                                                        },
                                                        "steps_from_proto": {
                                                            "total": 1.4927866000000591,
                                                            "count": 1916,
                                                            "is_parallel": true,
                                                            "self": 0.5520189000001743,
                                                            "children": {
                                                                "_process_rank_one_or_two_observation": {
                                                                    "total": 0.9407676999998849,
                                                                    "count": 7664,
                                                                    "is_parallel": true,
                                                                    "self": 0.9407676999998849
                                                                }
                                                            }
                                                        }
                                                    }
                                                }
                                            }
                                        }
                                    }
                                }
                            }
                        },
                        "trainer_advance": {
                            "total": 0.7793311000001246,
                            "count": 1916,
                            "self": 0.06979169999994639,
                            "children": {
                                "process_trajectory": {
                                    "total": 0.7095394000001782,
                                    "count": 1916,
                                    "self": 0.7095394000001782
                                }
                            }
                        }
                    }
                },