{"count":1,"self":4.6788191999999995,"total":37.2172933,"children":{"InitializeActuators":{"count":2,"self":0.0049870999999999995,"total":0.0049870999999999995,"children":null},"InitializeSensors":{"count":2,"self":0.008979599999999999,"total":0.008979599999999999,"children":null},"AgentSendState":{"count":1351,"self":0.11133459999999999,"total":0.23577859999999998,"children":{"CollectObservations":{"count":542,"self":0.016946199999999998,"total":0.016946199999999998,"children":null},"WriteActionMask":{"count":542,"self":0.00099739999999999985,"total":0.00099739999999999985,"children":null},"RequestDecision":{"count":542,"self":0.0069657999999999994,"total":0.1065004,"children":{"AgentInfo.ToProto":{"count":542,"self":0.0079679,"total":0.0995346,"children":{"GenerateSensorData":{"count":542,"self":0.087583399999999992,"total":0.0915667,"children":{"RayPerceptionSensor.Perceive":{"count":542,"self":0.0039832999999999995,"total":0.0039832999999999995,"children":null}}}}}}}}},"DecideAction":{"count":1351,"self":32.233984,"total":32.2339854,"children":null},"AgentAct":{"count":1351,"self":0.0497591,"total":0.0497591,"children":null}},"gauges":{},"metadata":{"timer_format_version":"0.1.0","start_time_seconds":"1680812004","unity_version":"2020.3.44f1","command_line_arguments":"C:\\Users\\sooph\\Downloads\\lab7to9-robot-tournament-main\\Build5\/Final Project Testing V2.exe -nographics -batchmode --mlagents-port 5005 -logFile C:\\Users\\sooph\\Downloads\\lab7to9-robot-tournament-main\\results\\test16\\run_logs\\Player-0.log","communication_protocol_version":"1.5.0","com.unity.ml-agents_version":"2.0.1","scene_name":"AgentTraining","end_time_seconds":"1680812041"}}