{"count":1,"self":1571.2647167999999,"total":15880.1455873,"children":{"InitializeActuators":{"count":2,"self":0.0019955999999999997,"total":0.0019955999999999997,"children":null},"InitializeSensors":{"count":2,"self":0.0049794999999999996,"total":0.0049794999999999996,"children":null},"AgentSendState":{"count":1459484,"self":209.76217599999998,"total":368.0711367,"children":{"CollectObservations":{"count":583802,"self":18.415872,"total":18.4158722,"children":null},"WriteActionMask":{"count":583802,"self":2.4853502,"total":2.4853502,"children":null},"RequestDecision":{"count":583802,"self":6.3695135999999994,"total":137.40774439999998,"children":{"AgentInfo.ToProto":{"count":583802,"self":9.2061992,"total":131.0382308,"children":{"GenerateSensorData":{"count":583802,"self":114.1644032,"total":121.8320316,"children":{"RayPerceptionSensor.Perceive":{"count":583802,"self":7.6676272,"total":7.6676272999999995,"children":null}}}}}}}}},"DecideAction":{"count":1459484,"self":13886.7245056,"total":13886.7252324,"children":null},"AgentAct":{"count":1459484,"self":53.982918399999996,"total":53.982918399999996,"children":null},"AgentInfo.ToProto":{"count":484,"self":0.0039867999999999995,"total":0.0916342,"children":{"GenerateSensorData":{"count":484,"self":0.08068249999999999,"total":0.0876474,"children":{"RayPerceptionSensor.Perceive":{"count":484,"self":0.0069648999999999996,"total":0.0069648999999999996,"children":null}}}}}},"gauges":{"Agent.CumulativeReward":{"count":484,"max":0,"min":-3055.34448,"runningAverage":-79.44493,"value":-1.4,"weightedAverage":-18.7120686}},"metadata":{"timer_format_version":"0.1.0","start_time_seconds":"1680826282","unity_version":"2020.3.44f1","command_line_arguments":"C:\\Users\\sooph\\Downloads\\lab7to9-robot-tournament-main\\Build7\/Final Project Testing V2.exe -nographics -batchmode --mlagents-port 5005 -logFile C:\\Users\\sooph\\Downloads\\lab7to9-robot-tournament-main\\results\\test20\\run_logs\\Player-0.log","communication_protocol_version":"1.5.0","com.unity.ml-agents_version":"2.0.1","scene_name":"AgentTraining","end_time_seconds":"1680842162"}}