{
    "name": "root",
    "gauges": {
        "Agent.Policy.Entropy.mean": {
            "value": 2.315696954727173,
            "min": 2.133573055267334,
            "max": 3.8915772438049316,
            "count": 5
        },
        "Agent.Policy.Entropy.sum": {
            "value": 116090.5234375,
            "min": 106452.4921875,
            "max": 194827.921875,
            "count": 5
        },
        "Agent.Step.mean": {
            "value": 249964.0,
            "min": 49992.0,
            "max": 249964.0,
            "count": 5
        },
        "Agent.Step.sum": {
            "value": 249964.0,
            "min": 49992.0,
            "max": 249964.0,
            "count": 5
        },
        "Agent.Policy.ExtrinsicValueEstimate.mean": {
            "value": -4.530985355377197,
            "min": -4.530985355377197,
            "max": -1.947890043258667,
            "count": 5
        },
        "Agent.Policy.ExtrinsicValueEstimate.sum": {
            "value": -3574.947265625,
            "min": -3574.947265625,
            "max": -1536.88525390625,
            "count": 5
        },
        "Agent.Policy.GailValueEstimate.mean": {
            "value": 0.8946908116340637,
            "min": 0.6216641664505005,
            "max": 1.6143324375152588,
            "count": 5
        },
        "Agent.Policy.GailValueEstimate.sum": {
            "value": 705.9110717773438,
            "min": 490.4930114746094,
            "max": 1273.708251953125,
            "count": 5
        },
        "Agent.Environment.EpisodeLength.mean": {
            "value": 1202.3809523809523,
            "min": 1202.3,
            "max": 1202.4,
            "count": 5
        },
        "Agent.Environment.EpisodeLength.sum": {
            "value": 50500.0,
            "min": 48092.0,
            "max": 52904.0,
            "count": 5
        },
        "Agent.Environment.CumulativeReward.mean": {
            "value": -49.17300067320466,
            "min": -93.38799997419119,
            "max": -25.70295488800515,
            "count": 5
        },
        "Agent.Environment.CumulativeReward.sum": {
            "value": -1966.9200269281864,
            "min": -3735.5199989676476,
            "max": -1075.5150123089552,
            "count": 5
        },
        "Agent.Policy.ExtrinsicReward.mean": {
            "value": -49.17300067320466,
            "min": -93.38799997419119,
            "max": -25.70295488800515,
            "count": 5
        },
        "Agent.Policy.ExtrinsicReward.sum": {
            "value": -1966.9200269281864,
            "min": -3735.5199989676476,
            "max": -1075.5150123089552,
            "count": 5
        },
        "Agent.Policy.GailReward.mean": {
            "value": 98.60616023088805,
            "min": 58.67377390002366,
            "max": 228.58963229767977,
            "count": 5
        },
        "Agent.Policy.GailReward.sum": {
            "value": 3944.246409235522,
            "min": 2346.9509560009465,
            "max": 9143.585291907191,
            "count": 5
        },
        "Agent.Losses.PolicyLoss.mean": {
            "value": 0.024347232385359047,
            "min": 0.023217778245166302,
            "max": 0.024347232385359047,
            "count": 5
        },
        "Agent.Losses.PolicyLoss.sum": {
            "value": 0.12173616192679523,
            "min": 0.09424707321159076,
            "max": 0.12173616192679523,
            "count": 5
        },
        "Agent.Losses.ValueLoss.mean": {
            "value": 12.940240031878153,
            "min": 2.579185721079509,
            "max": 12.940240031878153,
            "count": 5
        },
        "Agent.Losses.ValueLoss.sum": {
            "value": 64.70120015939077,
            "min": 12.895928605397543,
            "max": 64.70120015939077,
            "count": 5
        },
        "Agent.Policy.LearningRate.mean": {
            "value": 0.00029322003825998797,
            "min": 0.00029322003825998797,
            "max": 0.00029922993025668996,
            "count": 5
        },
        "Agent.Policy.LearningRate.sum": {
            "value": 0.0014661001912999398,
            "min": 0.0011969197210267598,
            "max": 0.0014892150035949998,
            "count": 5
        },
        "Agent.Policy.Epsilon.mean": {
            "value": 0.19774001200000005,
            "min": 0.19774001200000005,
            "max": 0.19974330999999998,
            "count": 5
        },
        "Agent.Policy.Epsilon.sum": {
            "value": 0.9887000600000002,
            "min": 0.7989732399999999,
            "max": 0.9964050000000002,
            "count": 5
        },
        "Agent.Policy.Beta.mean": {
            "value": 0.0004889260588,
            "min": 0.0004889260588,
            "max": 0.000498742219,
            "count": 5
        },
        "Agent.Policy.Beta.sum": {
            "value": 0.0024446302940000003,
            "min": 0.001994968876,
            "max": 0.0024823845,
            "count": 5
        },
        "Agent.Policy.GAILPolicyEstimate.mean": {
            "value": 0.06515495105336108,
            "min": 0.056345529916385806,
            "max": 0.0922717001910011,
            "count": 5
        },
        "Agent.Policy.GAILPolicyEstimate.sum": {
            "value": 0.32577475526680544,
            "min": 0.28172764958192903,
            "max": 0.4613585009550055,
            "count": 5
        },
        "Agent.Policy.GAILExpertEstimate.mean": {
            "value": 0.9266042403380077,
            "min": 0.9017562512556712,
            "max": 0.9357910740375518,
            "count": 5
        },
        "Agent.Policy.GAILExpertEstimate.sum": {
            "value": 4.633021201690038,
            "min": 3.6784889409939447,
            "max": 4.678955370187759,
            "count": 5
        },
        "Agent.Losses.GAILLoss.mean": {
            "value": 0.15190397496024766,
            "min": 0.1299851759771506,
            "max": 0.2118899808327357,
            "count": 5
        },
        "Agent.Losses.GAILLoss.sum": {
            "value": 0.7595198748012383,
            "min": 0.649925879885753,
            "max": 1.0594499041636785,
            "count": 5
        },
        "Agent.Policy.GAILGradMagLoss.mean": {
            "value": 0.19321671699484186,
            "min": 0.19321671699484186,
            "max": 3.2215998746454715,
            "count": 5
        },
        "Agent.Policy.GAILGradMagLoss.sum": {
            "value": 0.9660835849742093,
            "min": 0.9660835849742093,
            "max": 12.886399498581886,
            "count": 5
        },
        "Agent.Losses.PretrainingLoss.mean": {
            "value": 0.22417000730832415,
            "min": 0.22417000730832415,
            "max": 0.6675463716189066,
            "count": 5
        },
        "Agent.Losses.PretrainingLoss.sum": {
            "value": 1.1208500365416207,
            "min": 1.1208500365416207,
            "max": 2.6701854864756265,
            "count": 5
        },
        "Agent.IsTraining.mean": {
            "value": 1.0,
            "min": 1.0,
            "max": 1.0,
            "count": 5
        },
        "Agent.IsTraining.sum": {
            "value": 1.0,
            "min": 1.0,
            "max": 1.0,
            "count": 5
        }
    },
    "metadata": {
        "timer_format_version": "0.1.0",
        "start_time_seconds": "1680399241",
        "python_version": "3.8.10 (tags/v3.8.10:3d8993a, May  3 2021, 11:48:03) [MSC v.1928 64 bit (AMD64)]",
        "command_line_arguments": "C:\\Users\\sooph\\AppData\\Local\\Programs\\Python\\Python38\\Scripts\\mlagents-learn config/agent_config.yaml --run-id=test9 --env=Build2/Final Project Testing V2 --num-envs=2",
        "mlagents_version": "0.28.0",
        "mlagents_envs_version": "0.28.0",
        "communication_protocol_version": "1.5.0",
        "pytorch_version": "1.7.1+cu110",
        "numpy_version": "1.18.5",
        "end_time_seconds": "1680401520"
    },