{
    "name": "root",
    "metadata": {
        "timer_format_version": "0.1.0",
        "start_time_seconds": "1679367485",
        "python_version": "3.8.10 (tags/v3.8.10:3d8993a, May  3 2021, 11:48:03) [MSC v.1928 64 bit (AMD64)]",
        "command_line_arguments": "C:\\Users\\sooph\\AppData\\Local\\Programs\\Python\\Python38\\Scripts\\mlagents-learn config/agent_config.yaml --run-id=test12",
        "mlagents_version": "0.28.0",
        "mlagents_envs_version": "0.28.0",
        "communication_protocol_version": "1.5.0",
        "pytorch_version": "1.7.1+cu110",
        "numpy_version": "1.18.5",
        "end_time_seconds": "1679367585"
    },
    "total": 99.2067981,
    "count": 1,
    "self": 10.009123799999983,
    "children": {
        "run_training.setup": {
            "total": 0.19569180000000008,
            "count": 1,
            "self": 0.19569180000000008
        },
        "TrainerController.start_learning": {
            "total": 89.00198250000001,
            "count": 1,
            "self": 0.061071200000114345,
            "children": {
                "TrainerController._reset_env": {
                    "total": 15.2272872,
                    "count": 1,
                    "self": 15.2272872
                },
                "TrainerController.advance": {
                    "total": 73.38948549999989,
                    "count": 2413,
                    "self": 0.057231600000108074,
                    "children": {
                        "env_step": {
                            "total": 72.52846339999999,
                            "count": 2413,
                            "self": 64.82001790000032,
                            "children": {
                                "SubprocessEnvManager._take_step": {
                                    "total": 7.67279040000005,
                                    "count": 2414,
                                    "self": 0.19138779999976308,
                                    "children": {
                                        "TorchPolicy.evaluate": {
                                            "total": 7.481402600000287,
                                            "count": 2414,
                                            "self": 1.023004500000333,
                                            "children": {
                                                "TorchPolicy.sample_actions": {
                                                    "total": 6.458398099999954,
                                                    "count": 2414,
                                                    "self": 6.458398099999954
                                                }
                                            }
                                        }
                                    }
                                },
                                "workers": {
                                    "total": 0.035655099999615913,
                                    "count": 2412,
                                    "self": 0.0,
                                    "children": {
                                        "worker_root": {
                                            "total": 32.60512930000002,
                                            "count": 2412,
                                            "is_parallel": true,
                                            "self": 15.540704300000122,
                                            "children": {
                                                "steps_from_proto": {
                                                    "total": 0.001600999999997299,
                                                    "count": 2,
                                                    "is_parallel": true,
                                                    "self": 0.0006795999999873459,
                                                    "children": {
                                                        "_process_rank_one_or_two_observation": {
                                                            "total": 0.0009214000000099531,
                                                            "count": 8,
                                                            "is_parallel": true,
                                                            "self": 0.0009214000000099531
                                                        }
                                                    }
                                                },
                                                "UnityEnvironment.step": {
                                                    "total": 17.062823999999903,
                                                    "count": 2412,
                                                    "is_parallel": true,
                                                    "self": 0.3749336999997688,
                                                    "children": {
                                                        "UnityEnvironment._generate_step_input": {
                                                            "total": 0.30473499999996356,
                                                            "count": 2412,
                                                            "is_parallel": true,
                                                            "self": 0.30473499999996356
                                                        },
                                                        "communicator.exchange": {
                                                            "total": 14.845345799999928,
                                                            "count": 2412,
                                                            "is_parallel": true,
                                                            "self": 14.845345799999928
                                                        },
                                                        "steps_from_proto": {
                                                            "total": 1.5378095000002432,
                                                            "count": 2412,
                                                            "is_parallel": true,
                                                            "self": 0.5700495999998303,
                                                            "children": {
                                                                "_process_rank_one_or_two_observation": {
                                                                    "total": 0.9677599000004129,
                                                                    "count": 9648,
                                                                    "is_parallel": true,
                                                                    "self": 0.9677599000004129
                                                                }
                                                            }
                                                        }
                                                    }
                                                }
                                            }
                                        }
                                    }
                                }
                            }
                        },
                        "trainer_advance": {
                            "total": 0.8037904999997885,
                            "count": 2412,
                            "self": 0.07829349999988011,
                            "children": {
                                "process_trajectory": {
                                    "total": 0.7254969999999084,
                                    "count": 2412,