{
    "name": "root",
    "metadata": {
        "timer_format_version": "0.1.0",
        "start_time_seconds": "1679365226",
        "python_version": "3.8.10 (tags/v3.8.10:3d8993a, May  3 2021, 11:48:03) [MSC v.1928 64 bit (AMD64)]",
        "command_line_arguments": "C:\\Users\\sooph\\AppData\\Local\\Programs\\Python\\Python38\\Scripts\\mlagents-learn config/agent_config.yaml --run-id=test2",
        "mlagents_version": "0.28.0",
        "mlagents_envs_version": "0.28.0",
        "communication_protocol_version": "1.5.0",
        "pytorch_version": "1.7.1+cu110",
        "numpy_version": "1.18.5",
        "end_time_seconds": "1679365292"
    },
    "total": 65.4233648,
    "count": 1,
    "self": 10.008871500000005,
    "children": {
        "run_training.setup": {
            "total": 0.15008810000000006,
            "count": 1,
            "self": 0.15008810000000006
        },
        "TrainerController.start_learning": {
            "total": 55.2644052,
            "count": 1,
            "self": 0.05528400000003586,
            "children": {
                "TrainerController._reset_env": {
                    "total": 11.3181968,
                    "count": 1,
                    "self": 11.3181968
                },
                "TrainerController.advance": {
                    "total": 43.43322749999996,
                    "count": 2157,
                    "self": 0.05240199999980888,
                    "children": {
                        "env_step": {
                            "total": 42.64581290000006,
                            "count": 2157,
                            "self": 35.267193900000045,
                            "children": {
                                "SubprocessEnvManager._take_step": {
                                    "total": 7.345560800000026,
                                    "count": 2158,
                                    "self": 0.17902210000009688,
                                    "children": {
                                        "TorchPolicy.evaluate": {
                                            "total": 7.166538699999929,
                                            "count": 2158,
                                            "self": 0.9647396999998463,
                                            "children": {
                                                "TorchPolicy.sample_actions": {
                                                    "total": 6.201799000000083,
                                                    "count": 2158,
                                                    "self": 6.201799000000083
                                                }
                                            }
                                        }
                                    }
                                },
                                "workers": {
                                    "total": 0.03305819999999038,
                                    "count": 2156,
                                    "self": 0.0,
                                    "children": {
                                        "worker_root": {
                                            "total": 32.42553280000005,
                                            "count": 2156,
                                            "is_parallel": true,
                                            "self": 14.996155700000052,
                                            "children": {
                                                "steps_from_proto": {
                                                    "total": 0.0019605999999985357,
                                                    "count": 2,
                                                    "is_parallel": true,
                                                    "self": 0.000906699999999816,
                                                    "children": {
                                                        "_process_rank_one_or_two_observation": {
                                                            "total": 0.0010538999999987197,
                                                            "count": 8,
                                                            "is_parallel": true,
                                                            "self": 0.0010538999999987197
                                                        }
                                                    }
                                                },
                                                "UnityEnvironment.step": {
                                                    "total": 17.4274165,
                                                    "count": 2156,
                                                    "is_parallel": true,
                                                    "self": 0.3494547000001127,
                                                    "children": {
                                                        "UnityEnvironment._generate_step_input": {
                                                            "total": 0.28658829999995916,
                                                            "count": 2156,
                                                            "is_parallel": true,
                                                            "self": 0.28658829999995916
                                                        },
                                                        "communicator.exchange": {
                                                            "total": 15.34971729999995,
                                                            "count": 2156,
                                                            "is_parallel": true,
                                                            "self": 15.34971729999995
                                                        },
                                                        "steps_from_proto": {
                                                            "total": 1.4416561999999775,
                                                            "count": 2156,
                                                            "is_parallel": true,
                                                            "self": 0.5371663999998795,
                                                            "children": {
                                                                "_process_rank_one_or_two_observation": {
                                                                    "total": 0.904489800000098,
                                                                    "count": 8624,
                                                                    "is_parallel": true,
                                                                    "self": 0.904489800000098
                                                                }
                                                            }
                                                        }
                                                    }
                                                }
                                            }
                                        }
                                    }
                                }
                            }
                        },
                        "trainer_advance": {
                            "total": 0.7350126000000916,
                            "count": 2156,
                            "self": 0.06908060000012384,
                            "children": {
                                "process_trajectory": {
                                    "total": 0.6659319999999678,
                                    "count": 2156,
                                    "self": 0.6659319999999678
                                }
                            }
                        }
                    }
                },