{
    "name": "root",
    "metadata": {
        "timer_format_version": "0.1.0",
        "start_time_seconds": "1679367603",
        "python_version": "3.8.10 (tags/v3.8.10:3d8993a, May  3 2021, 11:48:03) [MSC v.1928 64 bit (AMD64)]",
        "command_line_arguments": "C:\\Users\\sooph\\AppData\\Local\\Programs\\Python\\Python38\\Scripts\\mlagents-learn config/agent_config.yaml --run-id=test13",
        "mlagents_version": "0.28.0",
        "mlagents_envs_version": "0.28.0",
        "communication_protocol_version": "1.5.0",
        "pytorch_version": "1.7.1+cu110",
        "numpy_version": "1.18.5",
        "end_time_seconds": "1679367668"
    },
    "total": 65.24130339999999,
    "count": 1,
    "self": 10.009420299999995,
    "children": {
        "run_training.setup": {
            "total": 0.19065060000000011,
            "count": 1,
            "self": 0.19065060000000011
        },
        "TrainerController.start_learning": {
            "total": 55.0412325,
            "count": 1,
            "self": 0.05954030000000188,
            "children": {
                "TrainerController._reset_env": {
                    "total": 13.6294886,
                    "count": 1,
                    "self": 13.6294886
                },
                "TrainerController.advance": {
                    "total": 40.963926199999996,
                    "count": 2413,
                    "self": 0.06179450000025355,
                    "children": {
                        "env_step": {
                            "total": 40.02724829999987,
                            "count": 2413,
                            "self": 31.589605099999773,
                            "children": {
                                "SubprocessEnvManager._take_step": {
                                    "total": 8.399687099999888,
                                    "count": 2414,
                                    "self": 0.20445399999965552,
                                    "children": {
                                        "TorchPolicy.evaluate": {
                                            "total": 8.195233100000232,
                                            "count": 2414,
                                            "self": 1.0987684000003508,
                                            "children": {
                                                "TorchPolicy.sample_actions": {
                                                    "total": 7.096464699999881,
                                                    "count": 2414,
                                                    "self": 7.096464699999881
                                                }
                                            }
                                        }
                                    }
                                },
                                "workers": {
                                    "total": 0.03795610000021021,
                                    "count": 2412,
                                    "self": 0.0,
                                    "children": {
                                        "worker_root": {
                                            "total": 34.23511499999994,
                                            "count": 2412,
                                            "is_parallel": true,
                                            "self": 15.53928249999992,
                                            "children": {
                                                "steps_from_proto": {
                                                    "total": 0.0013588999999996076,
                                                    "count": 2,
                                                    "is_parallel": true,
                                                    "self": 0.000454399999995303,
                                                    "children": {
                                                        "_process_rank_one_or_two_observation": {
                                                            "total": 0.0009045000000043046,
                                                            "count": 8,
                                                            "is_parallel": true,
                                                            "self": 0.0009045000000043046
                                                        }
                                                    }
                                                },
                                                "UnityEnvironment.step": {
                                                    "total": 18.694473600000016,
                                                    "count": 2412,
                                                    "is_parallel": true,
                                                    "self": 0.4093379999999769,
                                                    "children": {
                                                        "UnityEnvironment._generate_step_input": {
                                                            "total": 0.32113860000010064,
                                                            "count": 2412,
                                                            "is_parallel": true,
                                                            "self": 0.32113860000010064
                                                        },
                                                        "communicator.exchange": {
                                                            "total": 16.317208299999937,
                                                            "count": 2412,
                                                            "is_parallel": true,
                                                            "self": 16.317208299999937
                                                        },
                                                        "steps_from_proto": {
                                                            "total": 1.6467887,
                                                            "count": 2412,
                                                            "is_parallel": true,
                                                            "self": 0.6107870000000482,
                                                            "children": {
                                                                "_process_rank_one_or_two_observation": {
                                                                    "total": 1.036001699999952,
                                                                    "count": 9648,
                                                                    "is_parallel": true,
                                                                    "self": 1.036001699999952
                                                                }
                                                            }
                                                        }
                                                    }
                                                }
                                            }
                                        }
                                    }
                                }
                            }
                        },
                        "trainer_advance": {
                            "total": 0.8748833999998773,
                            "count": 2412,
                            "self": 0.08125789999984612,
                            "children": {
                                "process_trajectory": {
                                    "total": 0.7936255000000312,
                                    "count": 2412,
                                    "self": 0.7936255000000312
                                }
                            }
                        }
                    }
                },