{
    "name": "root",
    "gauges": {
        "Agent.Policy.Entropy.mean": {
            "value": 3.86649489402771,
            "min": 3.86649489402771,
            "max": 3.86649489402771,
            "count": 1
        },
        "Agent.Policy.Entropy.sum": {
            "value": 194012.984375,
            "min": 194012.984375,
            "max": 194012.984375,
            "count": 1
        },
        "Agent.Step.mean": {
            "value": 49992.0,
            "min": 49992.0,
            "max": 49992.0,
            "count": 1
        },
        "Agent.Step.sum": {
            "value": 49992.0,
            "min": 49992.0,
            "max": 49992.0,
            "count": 1
        },
        "Agent.Policy.ExtrinsicValueEstimate.mean": {
            "value": -7.684342384338379,
            "min": -7.684342384338379,
            "max": -7.684342384338379,
            "count": 1
        },
        "Agent.Policy.ExtrinsicValueEstimate.sum": {
            "value": -6062.9462890625,
            "min": -6062.9462890625,
            "max": -6062.9462890625,
            "count": 1
        },
        "Agent.Policy.GailValueEstimate.mean": {
            "value": 1.491744041442871,
            "min": 1.491744041442871,
            "max": 1.491744041442871,
            "count": 1
        },
        "Agent.Policy.GailValueEstimate.sum": {
            "value": 1176.986083984375,
            "min": 1176.986083984375,
            "max": 1176.986083984375,
            "count": 1
        },
        "Agent.Environment.EpisodeLength.mean": {
            "value": 1202.4,
            "min": 1202.4,
            "max": 1202.4,
            "count": 1
        },
        "Agent.Environment.EpisodeLength.sum": {
            "value": 48096.0,
            "min": 48096.0,
            "max": 48096.0,
            "count": 1
        },
        "Agent.Environment.CumulativeReward.mean": {
            "value": -441.5929999358952,
            "min": -441.5929999358952,
            "max": -441.5929999358952,
            "count": 1
        },
        "Agent.Environment.CumulativeReward.sum": {
            "value": -17663.71999743581,
            "min": -17663.71999743581,
            "max": -17663.71999743581,
            "count": 1
        },
        "Agent.Policy.ExtrinsicReward.mean": {
            "value": -441.5929999358952,
            "min": -441.5929999358952,
            "max": -441.5929999358952,
            "count": 1
        },
        "Agent.Policy.ExtrinsicReward.sum": {
            "value": -17663.71999743581,
            "min": -17663.71999743581,
            "max": -17663.71999743581,
            "count": 1
        },
        "Agent.Policy.GailReward.mean": {
            "value": 229.8236052043736,
            "min": 229.8236052043736,
            "max": 229.8236052043736,
            "count": 1
        },
        "Agent.Policy.GailReward.sum": {
            "value": 9192.944208174944,
            "min": 9192.944208174944,
            "max": 9192.944208174944,
            "count": 1
        },
        "Agent.Losses.PolicyLoss.mean": {
            "value": 0.024066429692447853,
            "min": 0.024066429692447853,
            "max": 0.024066429692447853,
            "count": 1
        },
        "Agent.Losses.PolicyLoss.sum": {
            "value": 0.09626571876979141,
            "min": 0.09626571876979141,
            "max": 0.09626571876979141,
            "count": 1
        },
        "Agent.Losses.ValueLoss.mean": {
            "value": 106.15643635143837,
            "min": 106.15643635143837,
            "max": 106.15643635143837,
            "count": 1
        },
        "Agent.Losses.ValueLoss.sum": {
            "value": 424.6257454057535,
            "min": 424.6257454057535,
            "max": 424.6257454057535,
            "count": 1
        },
        "Agent.Policy.LearningRate.mean": {
            "value": 0.00029922993025668996,
            "min": 0.00029922993025668996,
            "max": 0.00029922993025668996,
            "count": 1
        },
        "Agent.Policy.LearningRate.sum": {
            "value": 0.0011969197210267598,
            "min": 0.0011969197210267598,
            "max": 0.0011969197210267598,
            "count": 1
        },
        "Agent.Policy.Epsilon.mean": {
            "value": 0.19974330999999998,
            "min": 0.19974330999999998,
            "max": 0.19974330999999998,
            "count": 1
        },
        "Agent.Policy.Epsilon.sum": {
            "value": 0.7989732399999999,
            "min": 0.7989732399999999,
            "max": 0.7989732399999999,
            "count": 1
        },
        "Agent.Policy.Beta.mean": {
            "value": 0.000498742219,
            "min": 0.000498742219,
            "max": 0.000498742219,
            "count": 1
        },
        "Agent.Policy.Beta.sum": {
            "value": 0.001994968876,
            "min": 0.001994968876,
            "max": 0.001994968876,
            "count": 1
        },
        "Agent.Policy.GAILPolicyEstimate.mean": {
            "value": 0.10499036645439143,
            "min": 0.10499036645439143,
            "max": 0.10499036645439143,
            "count": 1
        },
        "Agent.Policy.GAILPolicyEstimate.sum": {
            "value": 0.4199614658175657,
            "min": 0.4199614658175657,
            "max": 0.4199614658175657,
            "count": 1
        },
        "Agent.Policy.GAILExpertEstimate.mean": {
            "value": 0.8919392423083384,
            "min": 0.8919392423083384,
            "max": 0.8919392423083384,
            "count": 1
        },
        "Agent.Policy.GAILExpertEstimate.sum": {
            "value": 3.5677569692333537,
            "min": 3.5677569692333537,
            "max": 3.5677569692333537,
            "count": 1
        },
        "Agent.Losses.GAILLoss.mean": {
            "value": 0.26141832927241926,
            "min": 0.26141832927241926,
            "max": 0.26141832927241926,
            "count": 1
        },
        "Agent.Losses.GAILLoss.sum": {
            "value": 1.045673317089677,
            "min": 1.045673317089677,
            "max": 1.045673317089677,
            "count": 1
        },
        "Agent.Policy.GAILGradMagLoss.mean": {
            "value": 3.710841819271445,
            "min": 3.710841819271445,
            "max": 3.710841819271445,
            "count": 1
        },
        "Agent.Policy.GAILGradMagLoss.sum": {
            "value": 14.84336727708578,
            "min": 14.84336727708578,
            "max": 14.84336727708578,
            "count": 1
        },
        "Agent.Losses.PretrainingLoss.mean": {
            "value": 0.5842686047156652,
            "min": 0.5842686047156652,
            "max": 0.5842686047156652,
            "count": 1
        },
        "Agent.Losses.PretrainingLoss.sum": {
            "value": 2.337074418862661,
            "min": 2.337074418862661,
            "max": 2.337074418862661,
            "count": 1
        },
        "Agent.IsTraining.mean": {
            "value": 1.0,
            "min": 1.0,
            "max": 1.0,
            "count": 1
        },
        "Agent.IsTraining.sum": {
            "value": 1.0,
            "min": 1.0,
            "max": 1.0,
            "count": 1
        }
    },
    "metadata": {
        "timer_format_version": "0.1.0",
        "start_time_seconds": "1680812212",
        "python_version": "3.8.10 (tags/v3.8.10:3d8993a, May  3 2021, 11:48:03) [MSC v.1928 64 bit (AMD64)]",
        "command_line_arguments": "C:\\Users\\sooph\\AppData\\Local\\Programs\\Python\\Python38\\Scripts\\mlagents-learn config/agent_config.yaml --run-id=test17 --env=Build6/Final Project Testing V2 --num-envs=2 --no-graphics",
        "mlagents_version": "0.28.0",
        "mlagents_envs_version": "0.28.0",
        "communication_protocol_version": "1.5.0",
        "pytorch_version": "1.7.1+cu110",
        "numpy_version": "1.18.5",
        "end_time_seconds": "1680813013"
    },
    "total": 800.2374075,
    "count": 1,