{
    "name": "root",
    "metadata": {
        "timer_format_version": "0.1.0",
        "start_time_seconds": "1679367073",
        "python_version": "3.8.10 (tags/v3.8.10:3d8993a, May  3 2021, 11:48:03) [MSC v.1928 64 bit (AMD64)]",
        "command_line_arguments": "C:\\Users\\sooph\\AppData\\Local\\Programs\\Python\\Python38\\Scripts\\mlagents-learn config/agent_config.yaml --run-id=test10",
        "mlagents_version": "0.28.0",
        "mlagents_envs_version": "0.28.0",
        "communication_protocol_version": "1.5.0",
        "pytorch_version": "1.7.1+cu110",
        "numpy_version": "1.18.5",
        "end_time_seconds": "1679367228"
    },
    "total": 154.50326840000002,
    "count": 1,
    "self": 10.010018900000034,
    "children": {
        "run_training.setup": {
            "total": 0.15133960000000002,
            "count": 1,
            "self": 0.15133960000000002
        },
        "TrainerController.start_learning": {
            "total": 144.3419099,
            "count": 1,
            "self": 0.10970709999941164,
            "children": {
                "TrainerController._reset_env": {
                    "total": 17.5610931,
                    "count": 1,
                    "self": 17.5610931
                },
                "TrainerController.advance": {
                    "total": 125.76133770000057,
                    "count": 3619,
                    "self": 0.11378249999960133,
                    "children": {
                        "env_step": {
                            "total": 124.00907850000031,
                            "count": 3619,
                            "self": 108.57768360000064,
                            "children": {
                                "SubprocessEnvManager._take_step": {
                                    "total": 15.364102199999593,
                                    "count": 3621,
                                    "self": 0.39192489999974356,
                                    "children": {
                                        "TorchPolicy.evaluate": {
                                            "total": 14.97217729999985,
                                            "count": 3621,
                                            "self": 1.9415888999993172,
                                            "children": {
                                                "TorchPolicy.sample_actions": {
                                                    "total": 13.030588400000532,
                                                    "count": 3621,
                                                    "self": 13.030588400000532
                                                }
                                            }
                                        }
                                    }
                                },
                                "workers": {
                                    "total": 0.0672927000000847,
                                    "count": 3618,
                                    "self": 0.0,
                                    "children": {
                                        "worker_root": {
                                            "total": 58.6252051,
                                            "count": 3618,
                                            "is_parallel": true,
                                            "self": 27.36549570000021,
                                            "children": {
                                                "steps_from_proto": {
                                                    "total": 0.00635439999999754,
                                                    "count": 3,
                                                    "is_parallel": true,
                                                    "self": 0.0020980000000054844,
                                                    "children": {
                                                        "_process_rank_one_or_two_observation": {
                                                            "total": 0.004256399999992055,
                                                            "count": 12,
                                                            "is_parallel": true,
                                                            "self": 0.004256399999992055
                                                        }
                                                    }
                                                },
                                                "UnityEnvironment.step": {
                                                    "total": 31.253354999999793,
                                                    "count": 3618,
                                                    "is_parallel": true,
                                                    "self": 0.7086059999998611,
                                                    "children": {
                                                        "UnityEnvironment._generate_step_input": {
                                                            "total": 0.5709125000000004,
                                                            "count": 3618,
                                                            "is_parallel": true,
                                                            "self": 0.5709125000000004
                                                        },
                                                        "communicator.exchange": {
                                                            "total": 26.99906959999998,
                                                            "count": 3618,
                                                            "is_parallel": true,
                                                            "self": 26.99906959999998
                                                        },
                                                        "steps_from_proto": {
                                                            "total": 2.974766899999951,
                                                            "count": 3618,
                                                            "is_parallel": true,
                                                            "self": 1.0924384000001215,
                                                            "children": {
                                                                "_process_rank_one_or_two_observation": {
                                                                    "total": 1.8823284999998293,
                                                                    "count": 14472,
                                                                    "is_parallel": true,
                                                                    "self": 1.8823284999998293
                                                                }
                                                            }
                                                        }
                                                    }
                                                }
                                            }
                                        }
                                    }
                                }
                            }
                        },
                        "trainer_advance": {
                            "total": 1.6384767000006555,
                            "count": 3618,
                            "self": 0.13577380000086947,
                            "children": {
                                "process_trajectory": {
                                    "total": 1.502702899999786,
                                    "count": 3618,
                                    "self": 1.502702899999786
                                }
                            }
                        }
                    }
                },