{
    "name": "root",
    "metadata": {
        "timer_format_version": "0.1.0",
        "start_time_seconds": "1679365339",
        "python_version": "3.8.10 (tags/v3.8.10:3d8993a, May  3 2021, 11:48:03) [MSC v.1928 64 bit (AMD64)]",
        "command_line_arguments": "C:\\Users\\sooph\\AppData\\Local\\Programs\\Python\\Python38\\Scripts\\mlagents-learn config/agent_config.yaml --run-id=test3",
        "mlagents_version": "0.28.0",
        "mlagents_envs_version": "0.28.0",
        "communication_protocol_version": "1.5.0",
        "pytorch_version": "1.7.1+cu110",
        "numpy_version": "1.18.5",
        "end_time_seconds": "1679365491"
    },
    "total": 152.7981663,
    "count": 1,
    "self": 0.009694199999984221,
    "children": {
        "run_training.setup": {
            "total": 0.14100409999999997,
            "count": 1,
            "self": 0.14100409999999997
        },
        "TrainerController.start_learning": {
            "total": 152.647468,
            "count": 1,
            "self": 0.06221159999984138,
            "children": {
                "TrainerController._reset_env": {
                    "total": 11.2435066,
                    "count": 1,
                    "self": 11.2435066
                },
                "TrainerController.advance": {
                    "total": 141.08922400000017,
                    "count": 2413,
                    "self": 0.06195370000091316,
                    "children": {
                        "env_step": {
                            "total": 140.1194996999999,
                            "count": 2413,
                            "self": 131.34663539999983,
                            "children": {
                                "SubprocessEnvManager._take_step": {
                                    "total": 8.734246599999794,
                                    "count": 2414,
                                    "self": 0.2147157999998992,
                                    "children": {
                                        "TorchPolicy.evaluate": {
                                            "total": 8.519530799999895,
                                            "count": 2414,
                                            "self": 1.1276931000001014,
                                            "children": {
                                                "TorchPolicy.sample_actions": {
                                                    "total": 7.391837699999794,
                                                    "count": 2414,
                                                    "self": 7.391837699999794
                                                }
                                            }
                                        }
                                    }
                                },
                                "workers": {
                                    "total": 0.03861770000026965,
                                    "count": 2412,
                                    "self": 0.0,
                                    "children": {
                                        "worker_root": {
                                            "total": 37.99610800000022,
                                            "count": 2412,
                                            "is_parallel": true,
                                            "self": 17.722929200000053,
                                            "children": {
                                                "steps_from_proto": {
                                                    "total": 0.002048500000000786,
                                                    "count": 2,
                                                    "is_parallel": true,
                                                    "self": 0.0009569000000109185,
                                                    "children": {
                                                        "_process_rank_one_or_two_observation": {
                                                            "total": 0.0010915999999898673,
                                                            "count": 8,
                                                            "is_parallel": true,
                                                            "self": 0.0010915999999898673
                                                        }
                                                    }
                                                },
                                                "UnityEnvironment.step": {
                                                    "total": 20.271130300000166,
                                                    "count": 2412,
                                                    "is_parallel": true,
                                                    "self": 0.4144402999998036,
                                                    "children": {
                                                        "UnityEnvironment._generate_step_input": {
                                                            "total": 0.34169010000002586,
                                                            "count": 2412,
                                                            "is_parallel": true,
                                                            "self": 0.34169010000002586
                                                        },
                                                        "communicator.exchange": {
                                                            "total": 17.791129200000217,
                                                            "count": 2412,
                                                            "is_parallel": true,
                                                            "self": 17.791129200000217
                                                        },
                                                        "steps_from_proto": {
                                                            "total": 1.7238707000001199,
                                                            "count": 2412,
                                                            "is_parallel": true,
                                                            "self": 0.6311318999998967,
                                                            "children": {
                                                                "_process_rank_one_or_two_observation": {
                                                                    "total": 1.0927388000002232,
                                                                    "count": 9648,
                                                                    "is_parallel": true,
                                                                    "self": 1.0927388000002232
                                                                }
                                                            }
                                                        }
                                                    }
                                                }
                                            }
                                        }
                                    }
                                }
                            }
                        },
                        "trainer_advance": {
                            "total": 0.9077705999993722,
                            "count": 2412,
                            "self": 0.07638109999901666,
                            "children": {
                                "process_trajectory": {
                                    "total": 0.8313895000003555,
                                    "count": 2412,
                                    "self": 0.8313895000003555
                                }
                            }
                        }
                    }
                },