{
    "name": "root",
    "metadata": {
        "timer_format_version": "0.1.0",
        "start_time_seconds": "1679366196",
        "python_version": "3.8.10 (tags/v3.8.10:3d8993a, May  3 2021, 11:48:03) [MSC v.1928 64 bit (AMD64)]",
        "command_line_arguments": "C:\\Users\\sooph\\AppData\\Local\\Programs\\Python\\Python38\\Scripts\\mlagents-learn config/agent_config.yaml --run-id=test6",
        "mlagents_version": "0.28.0",
        "mlagents_envs_version": "0.28.0",
        "communication_protocol_version": "1.5.0",
        "pytorch_version": "1.7.1+cu110",
        "numpy_version": "1.18.5",
        "end_time_seconds": "1679366243"
    },
    "total": 47.8077973,
    "count": 1,
    "self": 10.007778299999998,
    "children": {
        "run_training.setup": {
            "total": 0.1605955000000001,
            "count": 1,
            "self": 0.1605955000000001
        },
        "TrainerController.start_learning": {
            "total": 37.6394235,
            "count": 1,
            "self": 0.042790099999976405,
            "children": {
                "TrainerController._reset_env": {
                    "total": 11.1722911,
                    "count": 1,
                    "self": 11.1722911
                },
                "TrainerController.advance": {
                    "total": 25.850869400000015,
                    "count": 1550,
                    "self": 0.04183090000003631,
                    "children": {
                        "env_step": {
                            "total": 25.165612500000048,
                            "count": 1550,
                            "self": 19.163782399999977,
                            "children": {
                                "SubprocessEnvManager._take_step": {
                                    "total": 5.9759706999999995,
                                    "count": 1551,
                                    "self": 0.14302970000005644,
                                    "children": {
                                        "TorchPolicy.evaluate": {
                                            "total": 5.832940999999943,
                                            "count": 1551,
                                            "self": 0.800607400000036,
                                            "children": {
                                                "TorchPolicy.sample_actions": {
                                                    "total": 5.032333599999907,
                                                    "count": 1551,
                                                    "self": 5.032333599999907
                                                }
                                            }
                                        }
                                    }
                                },
                                "workers": {
                                    "total": 0.02585940000007092,
                                    "count": 1549,
                                    "self": 0.0,
                                    "children": {
                                        "worker_root": {
                                            "total": 26.134752600000013,
                                            "count": 1549,
                                            "is_parallel": true,
                                            "self": 13.054588700000117,
                                            "children": {
                                                "steps_from_proto": {
                                                    "total": 0.0013056999999996322,
                                                    "count": 2,
                                                    "is_parallel": true,
                                                    "self": 0.0005319999999988667,
                                                    "children": {
                                                        "_process_rank_one_or_two_observation": {
                                                            "total": 0.0007737000000007654,
                                                            "count": 8,
                                                            "is_parallel": true,
                                                            "self": 0.0007737000000007654
                                                        }
                                                    }
                                                },
                                                "UnityEnvironment.step": {
                                                    "total": 13.078858199999896,
                                                    "count": 1549,
                                                    "is_parallel": true,
                                                    "self": 0.2747222999998904,
                                                    "children": {
                                                        "UnityEnvironment._generate_step_input": {
                                                            "total": 0.22202810000006634,
                                                            "count": 1549,
                                                            "is_parallel": true,
                                                            "self": 0.22202810000006634
                                                        },
                                                        "communicator.exchange": {
                                                            "total": 11.45683299999997,
                                                            "count": 1549,
                                                            "is_parallel": true,
                                                            "self": 11.45683299999997
                                                        },
                                                        "steps_from_proto": {
                                                            "total": 1.1252747999999686,
                                                            "count": 1549,
                                                            "is_parallel": true,
                                                            "self": 0.42210590000004933,
                                                            "children": {
                                                                "_process_rank_one_or_two_observation": {
                                                                    "total": 0.7031688999999193,
                                                                    "count": 6196,
                                                                    "is_parallel": true,
                                                                    "self": 0.7031688999999193
                                                                }
                                                            }
                                                        }
                                                    }
                                                }
                                            }
                                        }
                                    }
                                }
                            }
                        },
                        "trainer_advance": {
                            "total": 0.6434259999999323,
                            "count": 1549,
                            "self": 0.052006399999946495,
                            "children": {
                                "process_trajectory": {
                                    "total": 0.5914195999999858,
                                    "count": 1549,
                                    "self": 0.5914195999999858
                                }
                            }
                        }
                    }
                },