{
    "name": "root",
    "gauges": {
        "Agent.Policy.Entropy.mean": {
            "value": 1.0718153715133667,
            "min": 1.0718153715133667,
            "max": 3.5007622241973877,
            "count": 4
        },
        "Agent.Policy.Entropy.sum": {
            "value": 53483.58984375,
            "min": 53483.58984375,
            "max": 175227.15625,
            "count": 4
        },
        "Agent.Step.mean": {
            "value": 199946.0,
            "min": 49990.0,
            "max": 199946.0,
            "count": 4
        },
        "Agent.Step.sum": {
            "value": 199946.0,
            "min": 49990.0,
            "max": 199946.0,
            "count": 4
        },
        "Agent.Policy.ExtrinsicValueEstimate.mean": {
            "value": -2.1210949420928955,
            "min": -8.273193359375,
            "max": -2.1210949420928955,
            "count": 4
        },
        "Agent.Policy.ExtrinsicValueEstimate.sum": {
            "value": -1673.5439453125,
            "min": -6527.5498046875,
            "max": -1673.5439453125,
            "count": 4
        },
        "Agent.Policy.GailValueEstimate.mean": {
            "value": 0.4988652765750885,
            "min": 0.4988652765750885,
            "max": 3.3518967628479004,
            "count": 4
        },
        "Agent.Policy.GailValueEstimate.sum": {
            "value": 393.6047058105469,
            "min": 393.6047058105469,
            "max": 2644.646484375,
            "count": 4
        },
        "Agent.Environment.EpisodeLength.mean": {
            "value": 1202.3333333333333,
            "min": 1202.3333333333333,
            "max": 1202.35,
            "count": 4
        },
        "Agent.Environment.EpisodeLength.sum": {
            "value": 50498.0,
            "min": 48094.0,
            "max": 50498.0,
            "count": 4
        },
        "Agent.Environment.CumulativeReward.mean": {
            "value": -9.419047628130231,
            "min": -219.775000333786,
            "max": -9.419047628130231,
            "count": 4
        },
        "Agent.Environment.CumulativeReward.sum": {
            "value": -395.6000003814697,
            "min": -8791.00001335144,
            "max": -395.6000003814697,
            "count": 4
        },
        "Agent.Policy.ExtrinsicReward.mean": {
            "value": -9.419047628130231,
            "min": -219.775000333786,
            "max": -9.419047628130231,
            "count": 4
        },
        "Agent.Policy.ExtrinsicReward.sum": {
            "value": -395.6000003814697,
            "min": -8791.00001335144,
            "max": -395.6000003814697,
            "count": 4
        },
        "Agent.Policy.GailReward.mean": {
            "value": 71.16750889289237,
            "min": 71.16750889289237,
            "max": 314.81489320341495,
            "count": 4
        },
        "Agent.Policy.GailReward.sum": {
            "value": 2989.0353735014796,
            "min": 2989.0353735014796,
            "max": 12592.595728136599,
            "count": 4
        },
        "Agent.Losses.PolicyLoss.mean": {
            "value": 0.02421233760537386,
            "min": 0.024191322966847416,
            "max": 0.024796504566171884,
            "count": 4
        },
        "Agent.Losses.PolicyLoss.sum": {
            "value": 0.1210616880268693,
            "min": 0.09714915845858438,
            "max": 0.12398252283085942,
            "count": 4
        },
        "Agent.Losses.ValueLoss.mean": {
            "value": 3.7677250955502197,
            "min": 3.7677250955502197,
            "max": 29.70780611435572,
            "count": 4
        },
        "Agent.Losses.ValueLoss.sum": {
            "value": 18.838625477751098,
            "min": 18.838625477751098,
            "max": 118.83122445742288,
            "count": 4
        },
        "Agent.Policy.LearningRate.mean": {
            "value": 0.0002947633097455639,
            "min": 0.0002947633097455639,
            "max": 0.00029922919525693495,
            "count": 4
        },
        "Agent.Policy.LearningRate.sum": {
            "value": 0.0014738165487278197,
            "min": 0.0011969167810277398,
            "max": 0.0014892059435980198,
            "count": 4
        },
        "Agent.Policy.Epsilon.mean": {
            "value": 0.198254436,
            "min": 0.198254436,
            "max": 0.19974306500000005,
            "count": 4
        },
        "Agent.Policy.Epsilon.sum": {
            "value": 0.9912721800000001,
            "min": 0.7989722600000002,
            "max": 0.9964019800000001,
            "count": 4
        },
        "Agent.Policy.Beta.mean": {
            "value": 0.0004914467363999999,
            "min": 0.0004914467363999999,
            "max": 0.0004987410185000001,
            "count": 4
        },
        "Agent.Policy.Beta.sum": {
            "value": 0.0024572336819999995,
            "min": 0.0019949640740000003,
            "max": 0.0024823697019999997,
            "count": 4
        },
        "Agent.Policy.GAILPolicyEstimate.mean": {
            "value": 0.07514000585923591,
            "min": 0.07514000585923591,
            "max": 0.15633503161370754,
            "count": 4
        },
        "Agent.Policy.GAILPolicyEstimate.sum": {
            "value": 0.37570002929617957,
            "min": 0.37570002929617957,
            "max": 0.6253401264548302,
            "count": 4
        },
        "Agent.Policy.GAILExpertEstimate.mean": {
            "value": 0.9033465586105983,
            "min": 0.8337597241004308,
            "max": 0.9033465586105983,
            "count": 4
        },
        "Agent.Policy.GAILExpertEstimate.sum": {
            "value": 4.5167327930529915,
            "min": 3.335038896401723,
            "max": 4.5167327930529915,
            "count": 4
        },
        "Agent.Losses.GAILLoss.mean": {
            "value": 0.20086539278427756,
            "min": 0.20086539278427756,
            "max": 0.4100811777015527,
            "count": 4
        },
        "Agent.Losses.GAILLoss.sum": {
            "value": 1.0043269639213879,
            "min": 1.0043269639213879,
            "max": 1.640324710806211,
            "count": 4
        },
        "Agent.Policy.GAILGradMagLoss.mean": {
            "value": 0.20013272603352866,
            "min": 0.20013272603352866,
            "max": 3.5226743273437027,
            "count": 4
        },
        "Agent.Policy.GAILGradMagLoss.sum": {
            "value": 1.0006636301676433,
            "min": 1.0006636301676433,
            "max": 14.09069730937481,
            "count": 4
        },
        "Agent.Losses.PretrainingLoss.mean": {
            "value": 0.23035050431887308,
            "min": 0.23035050431887308,
            "max": 0.5475655098756155,
            "count": 4
        },
        "Agent.Losses.PretrainingLoss.sum": {
            "value": 1.1517525215943654,
            "min": 1.1517525215943654,
            "max": 2.190262039502462,
            "count": 4
        },
        "Agent.IsTraining.mean": {
            "value": 1.0,
            "min": 1.0,
            "max": 1.0,
            "count": 4
        },
        "Agent.IsTraining.sum": {
            "value": 1.0,
            "min": 1.0,
            "max": 1.0,
            "count": 4
        }
    },
    "metadata": {
        "timer_format_version": "0.1.0",
        "start_time_seconds": "1680034559",
        "python_version": "3.8.10 (tags/v3.8.10:3d8993a, May  3 2021, 11:48:03) [MSC v.1928 64 bit (AMD64)]",
        "command_line_arguments": "C:\\Users\\sooph\\AppData\\Local\\Programs\\Python\\Python38\\Scripts\\mlagents-learn config/agent_config.yaml --run-id=test7",
        "mlagents_version": "0.28.0",
        "mlagents_envs_version": "0.28.0",
        "communication_protocol_version": "1.5.0",
        "pytorch_version": "1.7.1+cu110",
        "numpy_version": "1.18.5",
        "end_time_seconds": "1680036350"
    },
    "total": 1791.2597938000001,
    "count": 1,