{
    "name": "root",
    "metadata": {
        "timer_format_version": "0.1.0",
        "start_time_seconds": "1679366702",
        "python_version": "3.8.10 (tags/v3.8.10:3d8993a, May  3 2021, 11:48:03) [MSC v.1928 64 bit (AMD64)]",
        "command_line_arguments": "C:\\Users\\sooph\\AppData\\Local\\Programs\\Python\\Python38\\Scripts\\mlagents-learn config/agent_config.yaml --run-id=test7",
        "mlagents_version": "0.28.0",
        "mlagents_envs_version": "0.28.0",
        "communication_protocol_version": "1.5.0",
        "pytorch_version": "1.7.1+cu110",
        "numpy_version": "1.18.5",
        "end_time_seconds": "1679366790"
    },
    "total": 88.600298,
    "count": 1,
    "self": 0.007969399999993243,
    "children": {
        "run_training.setup": {
            "total": 0.16131740000000017,
            "count": 1,
            "self": 0.16131740000000017
        },
        "TrainerController.start_learning": {
            "total": 88.4310112,
            "count": 1,
            "self": 0.0291530000000364,
            "children": {
                "TrainerController._reset_env": {
                    "total": 10.643344,
                    "count": 1,
                    "self": 10.643344
                },
                "TrainerController.advance": {
                    "total": 77.50238519999998,
                    "count": 1207,
                    "self": 0.030055099999970025,
                    "children": {
                        "env_step": {
                            "total": 77.05556529999998,
                            "count": 1207,
                            "self": 73.05486210000002,
                            "children": {
                                "SubprocessEnvManager._take_step": {
                                    "total": 3.9827238999999484,
                                    "count": 1207,
                                    "self": 0.09886320000003224,
                                    "children": {
                                        "TorchPolicy.evaluate": {
                                            "total": 3.883860699999916,
                                            "count": 1207,
                                            "self": 0.5200538999999615,
                                            "children": {
                                                "TorchPolicy.sample_actions": {
                                                    "total": 3.3638067999999546,
                                                    "count": 1207,
                                                    "self": 3.3638067999999546
                                                }
                                            }
                                        }
                                    }
                                },
                                "workers": {
                                    "total": 0.0179793000000128,
                                    "count": 1206,
                                    "self": 0.0,
                                    "children": {
                                        "worker_root": {
                                            "total": 18.329191199999904,
                                            "count": 1206,
                                            "is_parallel": true,
                                            "self": 9.872824299999923,
                                            "children": {
                                                "steps_from_proto": {
                                                    "total": 0.004621499999999834,
                                                    "count": 1,
                                                    "is_parallel": true,
                                                    "self": 0.001022700000000043,
                                                    "children": {
                                                        "_process_rank_one_or_two_observation": {
                                                            "total": 0.003598799999999791,
                                                            "count": 4,
                                                            "is_parallel": true,
                                                            "self": 0.003598799999999791
                                                        }
                                                    }
                                                },
                                                "UnityEnvironment.step": {
                                                    "total": 8.45174539999998,
                                                    "count": 1206,
                                                    "is_parallel": true,
                                                    "self": 0.19911340000010114,
                                                    "children": {
                                                        "UnityEnvironment._generate_step_input": {
                                                            "total": 0.15137810000000762,
                                                            "count": 1206,
                                                            "is_parallel": true,
                                                            "self": 0.15137810000000762
                                                        },
                                                        "communicator.exchange": {
                                                            "total": 7.33516469999995,
                                                            "count": 1206,
                                                            "is_parallel": true,
                                                            "self": 7.33516469999995
                                                        },
                                                        "steps_from_proto": {
                                                            "total": 0.7660891999999215,
                                                            "count": 1206,
                                                            "is_parallel": true,
                                                            "self": 0.285618999999933,
                                                            "children": {
                                                                "_process_rank_one_or_two_observation": {
                                                                    "total": 0.4804701999999885,
                                                                    "count": 4824,
                                                                    "is_parallel": true,
                                                                    "self": 0.4804701999999885
                                                                }
                                                            }
                                                        }
                                                    }
                                                }
                                            }
                                        }
                                    }
                                }
                            }
                        },
                        "trainer_advance": {
                            "total": 0.41676480000002947,
                            "count": 1206,
                            "self": 0.0357189000000151,
                            "children": {
                                "process_trajectory": {
                                    "total": 0.38104590000001437,
                                    "count": 1206,
                                    "self": 0.38104590000001437
                                }
                            }
                        }
                    }
                },