{
    "name": "root",
    "metadata": {
        "timer_format_version": "0.1.0",
        "start_time_seconds": "1679365552",
        "python_version": "3.8.10 (tags/v3.8.10:3d8993a, May  3 2021, 11:48:03) [MSC v.1928 64 bit (AMD64)]",
        "command_line_arguments": "C:\\Users\\sooph\\AppData\\Local\\Programs\\Python\\Python38\\Scripts\\mlagents-learn config/agent_config.yaml --run-id=test4",
        "mlagents_version": "0.28.0",
        "mlagents_envs_version": "0.28.0",
        "communication_protocol_version": "1.5.0",
        "pytorch_version": "1.7.1+cu110",
        "numpy_version": "1.18.5",
        "end_time_seconds": "1679365609"
    },
    "total": 56.1944156,
    "count": 1,
    "self": 10.008322899999996,
    "children": {
        "run_training.setup": {
            "total": 0.15474109999999985,
            "count": 1,
            "self": 0.15474109999999985
        },
        "TrainerController.start_learning": {
            "total": 46.0313516,
            "count": 1,
            "self": 0.05155239999994876,
            "children": {
                "TrainerController._reset_env": {
                    "total": 13.053259299999999,
                    "count": 1,
                    "self": 13.053259299999999
                },
                "TrainerController.advance": {
                    "total": 32.54069930000005,
                    "count": 2043,
                    "self": 0.04907560000008715,
                    "children": {
                        "env_step": {
                            "total": 31.826280899999947,
                            "count": 2043,
                            "self": 25.120072000000008,
                            "children": {
                                "SubprocessEnvManager._take_step": {
                                    "total": 6.6752784999999655,
                                    "count": 2044,
                                    "self": 0.16278639999995548,
                                    "children": {
                                        "TorchPolicy.evaluate": {
                                            "total": 6.51249210000001,
                                            "count": 2044,
                                            "self": 0.8835435000000604,
                                            "children": {
                                                "TorchPolicy.sample_actions": {
                                                    "total": 5.62894859999995,
                                                    "count": 2044,
                                                    "self": 5.62894859999995
                                                }
                                            }
                                        }
                                    }
                                },
                                "workers": {
                                    "total": 0.030930399999974156,
                                    "count": 2042,
                                    "self": 0.0,
                                    "children": {
                                        "worker_root": {
                                            "total": 29.355280199999918,
                                            "count": 2042,
                                            "is_parallel": true,
                                            "self": 13.443559199999846,
                                            "children": {
                                                "steps_from_proto": {
                                                    "total": 0.0011303000000006946,
                                                    "count": 2,
                                                    "is_parallel": true,
                                                    "self": 0.00040730000000266386,
                                                    "children": {
                                                        "_process_rank_one_or_two_observation": {
                                                            "total": 0.0007229999999980308,
                                                            "count": 8,
                                                            "is_parallel": true,
                                                            "self": 0.0007229999999980308
                                                        }
                                                    }
                                                },
                                                "UnityEnvironment.step": {
                                                    "total": 15.910590700000071,
                                                    "count": 2042,
                                                    "is_parallel": true,
                                                    "self": 0.33932040000005337,
                                                    "children": {
                                                        "UnityEnvironment._generate_step_input": {
                                                            "total": 0.26107479999996475,
                                                            "count": 2042,
                                                            "is_parallel": true,
                                                            "self": 0.26107479999996475
                                                        },
                                                        "communicator.exchange": {
                                                            "total": 13.989936900000046,
                                                            "count": 2042,
                                                            "is_parallel": true,
                                                            "self": 13.989936900000046
                                                        },
                                                        "steps_from_proto": {
                                                            "total": 1.3202586000000083,
                                                            "count": 2042,
                                                            "is_parallel": true,
                                                            "self": 0.486567300000079,
                                                            "children": {
                                                                "_process_rank_one_or_two_observation": {
                                                                    "total": 0.8336912999999293,
                                                                    "count": 8168,
                                                                    "is_parallel": true,
                                                                    "self": 0.8336912999999293
                                                                }
                                                            }
                                                        }
                                                    }
                                                }
                                            }
                                        }
                                    }
                                }
                            }
                        },
                        "trainer_advance": {
                            "total": 0.665342800000019,
                            "count": 2042,
                            "self": 0.06672819999987745,
                            "children": {
                                "process_trajectory": {
                                    "total": 0.5986146000001416,
                                    "count": 2042,